"","Estimate","Std. Error","t value"
"(Intercept)",183.277062985283,1.0500400074073,174.54293330958
"size_pc1",-2.86078267326897,0.511447965678621,-5.59349702266018
"Treatment.order2",-2.74731720581768,0.795293687013904,-3.45446877132026
"percLoad_cent",6.82904517599245,1.38230677924852,4.94032531599464
"percLoad2",-30.8796899769332,5.46727165487611,-5.64809870923322
