"","Estimate","Std. Error","t value"
"(Intercept)",11.1235420935345,0.273494695593004,40.6718750775621
"size_pc1",1.17450877589751,0.146451150182245,8.01979891886099
"percLoad_cent",4.21220346467967,0.324535037715436,12.9791947714844
"percLoad2",-5.43231529243512,1.27543417218474,-4.25918907530125
